"recovery","recovery_sd","recovery_q05","recovery_q95","size","size_sd","method","n","e","pi"
0.028,0.07531751,0,0.2,0.41,0.6046119,1,200,-0.4,0.3
0,0,0,0,0,0,2,200,-0.4,0.3
0.294,0.17397318,0,0.6,1.47,0.8698659,3,200,-0.4,0.3
0.036,0.08706204,0,0.2,0.45,0.625631,1,200,-0.38,0.3
0,0,0,0,0,0,2,200,-0.38,0.3
0.37,0.19358395,0,0.8,1.85,0.9679198,3,200,-0.38,0.3
0.046,0.10192094,0,0.2,0.49,0.6889459,1,200,-0.36,0.3
0,0,0,0,0,0,2,200,-0.36,0.3
0.462,0.19631967,0.2,0.8,2.31,0.9815984,3,200,-0.36,0.3
0.056,0.11399096,0,0.4,0.53,0.7310571,1,200,-0.34,0.3
0,0,0,0,0,0,2,200,-0.34,0.3
0.576,0.2035642,0.2,0.81,2.88,1.017821,3,200,-0.34,0.3
0.082,0.13661122,0,0.4,0.65,0.8211227,1,200,-0.32,0.3
0,0,0,0,0,0,2,200,-0.32,0.3
0.688,0.21708817,0.2,1,3.44,1.0854408,3,200,-0.32,0.3
0.12,0.14494862,0,0.4,0.83,0.8294455,1,200,-0.3,0.3
0,0,0,0,0,0,2,200,-0.3,0.3
0.784,0.17679526,0.59,1,3.92,0.8839763,3,200,-0.3,0.3
0.17,0.17144661,0,0.4,1.06,0.9828838,1,200,-0.28,0.3
0,0,0,0,0,0,2,200,-0.28,0.3
0.864,0.14461373,0.6,1,4.32,0.7230687,3,200,-0.28,0.3
0.25,0.17837652,0,0.6,1.45,0.9885711,1,200,-0.26,0.3
0,0,0,0,0,0,2,200,-0.26,0.3
0.928,0.10832051,0.8,1,4.64,0.5416026,3,200,-0.26,0.3
0.35,0.1828506,0,0.6,1.94,0.9931076,1,200,-0.24,0.3
0,0,0,0,0,0,2,200,-0.24,0.3
0.96,0.08528029,0.8,1,4.8,0.4264014,3,200,-0.24,0.3
0.472,0.18967276,0.2,0.8,2.54,0.9579017,1,200,-0.22,0.3
0,0,0,0,0,0,2,200,-0.22,0.3
0.982,0.0575247,0.8,1,4.92,0.3074824,3,200,-0.22,0.3
0.566,0.19080902,0.2,0.8,2.99,0.9265446,1,200,-0.2,0.3
0.002,0.02,0,0,0.01,0.1,2,200,-0.2,0.3
0.988,0.04773665,0.8,1,4.95,0.2611165,3,200,-0.2,0.3
0.012,0.0555596,0,0.01,0.4,0.5860327,1,300,-0.4,0.3
0,0,0,0,0,0,2,300,-0.4,0.3
0.388,0.2046332,0,0.8,1.97,1.0391819,3,300,-0.4,0.3
0.026,0.07865023,0,0.2,0.47,0.6105967,1,300,-0.38,0.3
0,0,0,0,0,0,2,300,-0.38,0.3
0.494,0.22998463,0.19,0.8,2.5,1.1677484,3,300,-0.38,0.3
0.04,0.08989331,0,0.2,0.54,0.6730002,1,300,-0.36,0.3
0,0,0,0,0,0,2,300,-0.36,0.3
0.61,0.21904291,0.2,1,3.06,1.0900839,3,300,-0.36,0.3
0.064,0.10965511,0,0.2,0.62,0.7355339,1,300,-0.34,0.3
0.004,0.02814106,0,0,0.02,0.1407053,2,300,-0.34,0.3
0.714,0.21130666,0.4,1,3.58,1.055816,3,300,-0.34,0.3
0.134,0.15841386,0,0.4,0.94,0.9300809,1,300,-0.32,0.3
0.012,0.04773665,0,0.2,0.06,0.2386833,2,300,-0.32,0.3
0.826,0.17210521,0.6,1,4.13,0.860526,3,300,-0.32,0.3
0.184,0.16740443,0,0.4,1.17,0.9645745,1,300,-0.3,0.3
0.028,0.06974702,0,0.2,0.14,0.3487351,2,300,-0.3,0.3
0.902,0.12551309,0.6,1,4.51,0.6275654,3,300,-0.3,0.3
0.278,0.18833669,0,0.6,1.63,1.0507813,1,300,-0.28,0.3
0.06,0.10824589,0,0.2,0.3,0.5412294,2,300,-0.28,0.3
0.954,0.09365745,0.8,1,4.77,0.4682872,3,300,-0.28,0.3
0.416,0.17216389,0.19,0.6,2.31,0.9287224,1,300,-0.26,0.3
0.106,0.13167146,0,0.4,0.53,0.6583573,2,300,-0.26,0.3
0.974,0.06759953,0.8,1,4.87,0.3379977,3,300,-0.26,0.3
0.548,0.18117462,0.2,0.8,2.96,0.9092121,1,300,-0.24,0.3
0.214,0.20351457,0,0.6,1.07,1.0175729,2,300,-0.24,0.3
0.99,0.04380858,0.99,1,4.95,0.2190429,3,300,-0.24,0.3
0.672,0.19595918,0.4,1,3.56,0.9981802,1,300,-0.22,0.3
0.322,0.2443627,0,0.8,1.61,1.2218135,2,300,-0.22,0.3
0.998,0.02,1,1,4.99,0.1,3,300,-0.22,0.3
0.802,0.18311557,0.59,1,4.21,0.9352254,1,300,-0.2,0.3
0.49,0.29593202,0,0.81,2.45,1.4796601,2,300,-0.2,0.3
1,0,1,1,5,0,3,300,-0.2,0.3
0.036,0.1000202,0,0.2,0.73,0.8973024,1,400,-0.4,0.3
0.002,0.02,0,0,0.14,0.4025173,2,400,-0.4,0.3
0.508,0.2191259,0.2,0.8,2.55,1.0859525,3,400,-0.4,0.3
0.052,0.11588918,0,0.21,0.81,0.9607972,1,400,-0.38,0.3
0.002,0.02,0,0,0.14,0.4025173,2,400,-0.38,0.3
0.592,0.21257441,0.2,1,2.97,1.0584437,3,400,-0.38,0.3
0.07,0.13142575,0,0.4,0.9,0.9795897,1,400,-0.36,0.3
0.014,0.05128648,0,0.2,0.2,0.4714045,2,400,-0.36,0.3
0.73,0.19358395,0.4,1,3.66,0.9663009,3,400,-0.36,0.3
0.114,0.14840567,0,0.4,1.12,1.007848,1,400,-0.34,0.3
0.03,0.07719842,0,0.2,0.28,0.6208499,2,400,-0.34,0.3
0.848,0.14247452,0.6,1,4.25,0.7159792,3,400,-0.34,0.3
0.16,0.17523433,0,0.6,1.33,1.0922593,1,400,-0.32,0.3
0.056,0.11038958,0,0.21,0.39,0.6800921,2,400,-0.32,0.3
0.914,0.11808232,0.8,1,4.58,0.5891271,3,400,-0.32,0.3
0.252,0.19409463,0,0.6,1.73,1.1357817,1,400,-0.3,0.3
0.116,0.14264457,0,0.4,0.69,0.7874649,2,400,-0.3,0.3
0.954,0.08923921,0.8,1,4.78,0.4623174,3,400,-0.3,0.3
0.368,0.19009833,0,0.6,2.26,1.088229,1,400,-0.28,0.3
0.22,0.19796949,0,0.6,1.21,1.0278447,2,400,-0.28,0.3
0.994,0.03428932,1,1,4.98,0.2,3,400,-0.28,0.3
0.528,0.16941969,0.2,0.8,3.01,0.9480975,1,400,-0.26,0.3
0.384,0.20827332,0,0.8,2.01,1.0683226,2,400,-0.26,0.3
0.998,0.02,1,1,5,0.1421338,3,400,-0.26,0.3
0.674,0.18782111,0.4,1,3.66,0.9557904,1,400,-0.24,0.3
0.562,0.21214632,0.2,0.81,2.89,1.0720979,2,400,-0.24,0.3
1,0,1,1,5.01,0.1,3,400,-0.24,0.3
0.79,0.19771421,0.4,1,4.2,0.9744203,1,400,-0.22,0.3
0.778,0.18399605,0.4,1,3.96,0.9419516,2,400,-0.22,0.3
1,0,1,1,5.01,0.1,3,400,-0.22,0.3
0.892,0.16677572,0.6,1,4.64,0.8706204,1,400,-0.2,0.3
0.908,0.13156402,0.6,1,4.59,0.6681045,2,400,-0.2,0.3
1,0,1,1,5.01,0.1,3,400,-0.2,0.3
0.03,0.0915633,0,0.2,0.59,0.7533762,1,500,-0.4,0.3
0.008,0.03938928,0,0,0.31,0.4648232,2,500,-0.4,0.3
0.558,0.21704163,0.2,0.81,2.8,1.1009638,3,500,-0.4,0.3
0.046,0.10956295,0,0.2,0.64,0.745627,1,500,-0.38,0.3
0.012,0.04773665,0,0.2,0.32,0.4688262,2,500,-0.38,0.3
0.674,0.18996012,0.4,1,3.38,0.9616904,3,500,-0.38,0.3
0.08,0.13333333,0,0.4,0.78,0.7464394,1,500,-0.36,0.3
0.024,0.0766996,0,0.2,0.37,0.5623723,2,500,-0.36,0.3
0.788,0.16531574,0.59,1,3.95,0.8333333,3,500,-0.36,0.3
0.128,0.15704339,0,0.4,1,0.840875,1,500,-0.34,0.3
0.066,0.11390232,0,0.21,0.58,0.6989169,2,500,-0.34,0.3
0.892,0.13756908,0.6,1,4.47,0.7028801,3,500,-0.34,0.3
0.204,0.17518821,0,0.6,1.3,0.9374369,1,500,-0.32,0.3
0.136,0.15796688,0,0.4,0.89,0.8633386,2,500,-0.32,0.3
0.948,0.0926381,0.8,1,4.75,0.4793725,3,500,-0.32,0.3
0.33,0.17837652,0,0.6,1.89,0.9628976,1,500,-0.3,0.3
0.248,0.18005611,0,0.6,1.42,0.9553676,2,500,-0.3,0.3
0.98,0.06030227,0.8,1,4.91,0.320826,3,500,-0.3,0.3
0.452,0.19616526,0.2,0.8,2.48,0.999798,1,500,-0.28,0.3
0.412,0.20659823,0,0.8,2.19,1.0702119,2,500,-0.28,0.3
0.996,0.02814106,1,1,4.99,0.1737873,3,500,-0.28,0.3
0.608,0.20084669,0.2,0.81,3.23,1.0333333,1,500,-0.26,0.3
0.602,0.1999899,0.2,0.81,3.12,1.0757192,2,500,-0.26,0.3
1,0,1,1,5,0,3,500,-0.26,0.3
0.74,0.18748737,0.4,1,3.86,1.0251386,1,500,-0.24,0.3
0.788,0.17938165,0.4,1,4.01,0.9586923,2,500,-0.24,0.3
1,0,1,1,5,0,3,500,-0.24,0.3
0.882,0.15333333,0.6,1,4.55,0.8804843,1,500,-0.22,0.3
0.904,0.14349181,0.6,1,4.58,0.754515,2,500,-0.22,0.3
1,0,1,1,5,0,3,500,-0.22,0.3
0.954,0.10956295,0.8,1,4.87,0.6459665,1,500,-0.2,0.3
0.972,0.07531751,0.8,1,4.91,0.4515965,2,500,-0.2,0.3
1,0,1,1,5,0,3,500,-0.2,0.3
0.012,0.04773665,0,0.2,0.34,0.5167888,1,200,-0.4,0.5
0.002,0.02,0,0,0.03,0.1714466,2,200,-0.4,0.5
0.39,0.19565998,0.2,0.8,1.96,0.9735907,3,200,-0.4,0.5
0.024,0.06531973,0,0.2,0.38,0.564613,1,200,-0.38,0.5
0.002,0.02,0,0,0.03,0.1714466,2,200,-0.38,0.5
0.506,0.2097714,0.2,0.8,2.55,1.0480863,3,200,-0.38,0.5
0.05,0.0958745,0,0.2,0.5,0.6590474,1,200,-0.36,0.5
0.006,0.03428932,0,0,0.05,0.2611165,2,200,-0.36,0.5
0.636,0.1893743,0.39,1,3.2,0.9534626,3,200,-0.36,0.5
0.08,0.13026779,0,0.4,0.64,0.8105367,1,200,-0.34,0.5
0.018,0.06416519,0,0.2,0.11,0.3732197,2,200,-0.34,0.5
0.758,0.17360119,0.6,1,3.81,0.8841477,3,200,-0.34,0.5
0.134,0.1658891,0,0.4,0.91,0.9649933,1,200,-0.32,0.5
0.038,0.10128468,0,0.2,0.21,0.5558686,2,200,-0.32,0.5
0.842,0.14296994,0.6,1,4.23,0.7227193,3,200,-0.32,0.5
0.218,0.17313508,0,0.6,1.31,0.9607972,1,200,-0.3,0.5
0.06,0.11891768,0,0.21,0.32,0.6337319,2,200,-0.3,0.5
0.908,0.11162708,0.8,1,4.56,0.5915226,3,200,-0.3,0.5
0.304,0.18086213,0,0.6,1.74,0.9704732,1,200,-0.28,0.5
0.088,0.14018746,0,0.4,0.46,0.7305733,2,200,-0.28,0.5
0.95,0.0915633,0.8,1,4.76,0.4739688,3,200,-0.28,0.5
0.402,0.1874766,0.2,0.6,2.21,0.9979271,1,200,-0.26,0.5
0.178,0.18617902,0,0.6,0.9,0.9481508,2,200,-0.26,0.5
0.98,0.06030227,0.8,1,4.91,0.320826,3,200,-0.26,0.5
0.542,0.17125797,0.2,0.8,2.88,0.890806,1,200,-0.24,0.5
0.29,0.19565998,0,0.6,1.46,0.9890307,2,200,-0.24,0.5
0.986,0.05128648,0.8,1,4.94,0.277798,3,200,-0.24,0.5
0.678,0.18617902,0.4,1,3.54,0.9472981,1,200,-0.22,0.5
0.46,0.19174899,0.2,0.8,2.3,0.958745,2,200,-0.22,0.5
0.99,0.04380858,0.99,1,4.96,0.2428784,3,200,-0.22,0.5
0.81,0.17144661,0.59,1,4.17,0.8415354,1,200,-0.2,0.5
0.634,0.21283085,0.39,1,3.17,1.0641542,2,200,-0.2,0.5
0.998,0.02,1,1,5,0.1421338,3,200,-0.2,0.5
0.05,0.10396192,0,0.2,0.59,0.712018,1,300,-0.4,0.5
0.01,0.04380858,0,0.01,0.27,0.4682872,2,300,-0.4,0.5
0.568,0.22868972,0.2,1,2.86,1.1548755,3,300,-0.4,0.5
0.082,0.13953748,0,0.4,0.75,0.8211227,1,300,-0.38,0.5
0.02,0.06030227,0,0.2,0.31,0.4860685,2,300,-0.38,0.5
0.69,0.22450844,0.4,1,3.47,1.1232618,3,300,-0.38,0.5
0.124,0.15512784,0,0.4,0.92,0.8724747,1,300,-0.36,0.5
0.034,0.08067894,0,0.2,0.37,0.5252224,2,300,-0.36,0.5
0.794,0.19787763,0.4,1,3.98,0.9947336,3,300,-0.36,0.5
0.174,0.17443705,0,0.41,1.15,0.936089,1,300,-0.34,0.5
0.06,0.10444659,0,0.2,0.49,0.5945034,2,300,-0.34,0.5
0.874,0.15739033,0.6,1,4.38,0.8012616,3,300,-0.34,0.5
0.26,0.18963016,0,0.6,1.55,0.9987366,1,300,-0.32,0.5
0.11,0.13743685,0,0.4,0.74,0.7603827,2,300,-0.32,0.5
0.94,0.11191627,0.79,1,4.7,0.5595814,3,300,-0.32,0.5
0.362,0.18574448,0,0.6,2.06,0.9828838,1,300,-0.3,0.5
0.208,0.17504978,0,0.4,1.22,0.9490027,2,300,-0.3,0.5
0.968,0.07369059,0.8,1,4.84,0.3684529,3,300,-0.3,0.5
0.498,0.1874766,0.2,0.8,2.71,1.0179699,1,300,-0.28,0.5
0.328,0.18317073,0,0.6,1.81,0.9815984,2,300,-0.28,0.5
0.99,0.04380858,0.99,1,4.96,0.2428784,3,300,-0.28,0.5
0.644,0.20016155,0.4,1,3.42,1.0747798,1,300,-0.26,0.5
0.468,0.19326017,0.2,0.8,2.47,1.0195563,2,300,-0.26,0.5
0.996,0.02814106,1,1,4.99,0.1737873,3,300,-0.26,0.5
0.784,0.2023698,0.4,1,4.1,1.0683699,1,300,-0.24,0.5
0.654,0.19664869,0.4,1,3.37,1.0507813,2,300,-0.24,0.5
1,0,1,1,5.01,0.1,3,300,-0.24,0.5
0.888,0.15127739,0.6,1,4.62,0.8260897,1,300,-0.22,0.5
0.796,0.18197569,0.4,1,4.05,0.936089,2,300,-0.22,0.5
1,0,1,1,5.01,0.1,3,300,-0.22,0.5
0.954,0.10192094,0.8,1,4.92,0.6768913,1,300,-0.2,0.5
0.912,0.13125655,0.6,1,4.62,0.6931119,2,300,-0.2,0.5
1,0,1,1,5.01,0.1,3,300,-0.2,0.5
0.054,0.10192094,0,0.2,0.68,0.7638287,1,400,-0.4,0.5
0.016,0.06149649,0,0.2,0.42,0.5891271,2,400,-0.4,0.5
0.672,0.19595918,0.4,1,3.46,0.9579017,3,400,-0.4,0.5
0.096,0.14901698,0,0.4,0.88,0.890806,1,400,-0.38,0.5
0.038,0.09296464,0,0.2,0.52,0.6587408,2,400,-0.38,0.5
0.782,0.16598649,0.4,1,4,0.8164966,3,400,-0.38,0.5
0.15,0.17378728,0,0.4,1.13,0.9603766,1,400,-0.36,0.5
0.068,0.12133933,0,0.4,0.66,0.7415517,2,400,-0.36,0.5
0.858,0.14011539,0.6,1,4.37,0.7474536,3,400,-0.36,0.5
0.232,0.19430269,0,0.6,1.51,1.0870682,1,400,-0.34,0.5
0.136,0.17263262,0,0.4,1,0.9949367,2,400,-0.34,0.5
0.93,0.1,0.8,1,4.71,0.5373899,3,400,-0.34,0.5
0.35,0.1828506,0,0.6,2.08,1.0700703,1,400,-0.32,0.5
0.218,0.18876526,0,0.6,1.39,1.0530859,2,400,-0.32,0.5
0.968,0.07898344,0.8,1,4.88,0.4557157,3,400,-0.32,0.5
0.502,0.17637197,0.2,0.8,2.8,1.063632,1,400,-0.3,0.5
0.348,0.17665809,0,0.6,2.01,1.0683226,2,400,-0.3,0.5
0.994,0.03428932,1,1,5.01,0.265718,3,400,-0.3,0.5
0.642,0.18044838,0.4,1,3.46,1.0192094,1,400,-0.28,0.5
0.51,0.18936363,0.2,0.8,2.78,1.0878577,2,400,-0.28,0.5
0.998,0.02,1,1,5.03,0.2227015,3,400,-0.28,0.5
0.772,0.17528044,0.4,1,4.09,0.9754046,1,400,-0.26,0.5
0.684,0.17564887,0.4,1,3.61,0.9733313,2,400,-0.26,0.5
1,0,1,1,5.05,0.2190429,3,400,-0.26,0.5
0.888,0.15127739,0.6,1,4.65,0.7961397,1,400,-0.24,0.5
0.844,0.15719768,0.6,1,4.39,0.8151966,2,400,-0.24,0.5
1,0,1,1,5.05,0.2190429,3,400,-0.24,0.5
0.964,0.08229044,0.8,1,5.01,0.5411361,1,400,-0.22,0.5
0.94,0.11191627,0.79,1,4.86,0.5863773,2,400,-0.22,0.5
1,0,1,1,5.05,0.2190429,3,400,-0.22,0.5
0.994,0.03428932,1,1,5.14,0.4499158,1,400,-0.2,0.5
0.994,0.03428932,1,1,5.11,0.4239068,2,400,-0.2,0.5
1,0,1,1,5.04,0.1969464,3,400,-0.2,0.5
0.076,0.12318992,0,0.4,0.87,0.9173413,1,500,-0.4,0.5
0.022,0.06289321,0,0.2,0.53,0.6583573,2,500,-0.4,0.5
0.704,0.18308247,0.4,1,3.62,0.9616904,3,500,-0.4,0.5
0.108,0.14047538,0,0.4,1.01,0.937383,1,500,-0.38,0.5
0.06,0.11191627,0,0.21,0.72,0.8418354,2,500,-0.38,0.5
0.808,0.1528715,0.6,1,4.13,0.8245599,3,500,-0.38,0.5
0.18,0.17407766,0,0.4,1.31,0.9815984,1,500,-0.36,0.5
0.1,0.14354811,0,0.4,0.91,0.9544685,2,500,-0.36,0.5
0.898,0.13482499,0.6,1,4.57,0.7555184,3,500,-0.36,0.5
0.306,0.18953425,0,0.6,1.94,1.0713911,1,500,-0.34,0.5
0.192,0.17504978,0,0.4,1.27,1.0035795,2,500,-0.34,0.5
0.962,0.07885545,0.8,1,4.87,0.4852366,3,500,-0.34,0.5
0.42,0.17638342,0.2,0.6,2.5,0.9795897,1,500,-0.32,0.5
0.324,0.17929154,0,0.6,1.9,1.0100505,2,500,-0.32,0.5
0.988,0.04773665,0.8,1,5.01,0.3622321,3,500,-0.32,0.5
0.582,0.20319668,0.2,1,3.28,1.0738395,1,500,-0.3,0.5
0.45,0.16666667,0.2,0.61,2.5,0.9898475,2,500,-0.3,0.5
0.996,0.02814106,1,1,5.03,0.2641931,3,500,-0.3,0.5
0.722,0.19466625,0.4,1,3.89,1.0626344,1,500,-0.28,0.5
0.608,0.18405094,0.4,1,3.29,0.9979271,2,500,-0.28,0.5
1,0,1,1,5.06,0.2386833,3,500,-0.28,0.5
0.858,0.15902481,0.6,1,4.5,0.9265991,1,500,-0.26,0.5
0.8,0.18422647,0.4,1,4.21,0.9459643,2,500,-0.26,0.5
1,0,1,1,5.06,0.2386833,3,500,-0.26,0.5
0.946,0.10956295,0.79,1,4.91,0.6046119,1,500,-0.24,0.5
0.918,0.12421877,0.79,1,4.79,0.6860073,2,500,-0.24,0.5
1,0,1,1,5.06,0.2386833,3,500,-0.24,0.5
0.986,0.05128648,0.8,1,5.08,0.4422166,1,500,-0.22,0.5
0.98,0.06030227,0.8,1,5.07,0.4975699,2,500,-0.22,0.5
1,0,1,1,5.07,0.2564324,3,500,-0.22,0.5
0.996,0.02814106,1,1,5.12,0.4329835,1,500,-0.2,0.5
1,0,1,1,5.17,0.4277023,2,500,-0.2,0.5
1,0,1,1,5.06,0.2386833,3,500,-0.2,0.5
0.018,0.07018014,0,0.2,0.37,0.6765181,1,200,-0.4,0.7
0,0,0,0,0,0,2,200,-0.4,0.7
0.304,0.19792867,0,0.6,1.52,0.9896433,3,200,-0.4,0.7
0.024,0.0766996,0,0.2,0.4,0.6963106,1,200,-0.38,0.7
0,0,0,0,0,0,2,200,-0.38,0.7
0.39,0.20175993,0,0.8,1.95,1.0087997,3,200,-0.38,0.7
0.034,0.08554047,0,0.2,0.45,0.7159792,1,200,-0.36,0.7
0,0,0,0,0,0,2,200,-0.36,0.7
0.494,0.21168874,0.2,0.8,2.47,1.0584437,3,200,-0.36,0.7
0.056,0.11038958,0,0.21,0.54,0.7967104,1,200,-0.34,0.7
0,0,0,0,0,0,2,200,-0.34,0.7
0.574,0.19416748,0.2,1,2.87,0.9708374,3,200,-0.34,0.7
0.078,0.12994171,0,0.4,0.65,0.8689364,1,200,-0.32,0.7
0,0,0,0,0,0,2,200,-0.32,0.7
0.664,0.19043809,0.4,1,3.33,0.9645745,3,200,-0.32,0.7
0.12,0.14770979,0,0.4,0.86,0.9746276,1,200,-0.3,0.7
0,0,0,0,0,0,2,200,-0.3,0.7
0.764,0.16667879,0.4,1,3.82,0.8333939,3,200,-0.3,0.7
0.178,0.17728594,0,0.41,1.11,1.04345,1,200,-0.28,0.7
0,0,0,0,0,0,2,200,-0.28,0.7
0.858,0.1342243,0.6,1,4.29,0.6711215,3,200,-0.28,0.7
0.25,0.18936363,0,0.6,1.45,1.0576799,1,200,-0.26,0.7
0,0,0,0,0,0,2,200,-0.26,0.7
0.928,0.09648363,0.8,1,4.65,0.5,3,200,-0.26,0.7
0.318,0.19508092,0,0.6,1.78,1.0878577,1,200,-0.24,0.7
0,0,0,0,0,0,2,200,-0.24,0.7
0.954,0.08459052,0.8,1,4.77,0.4229526,3,200,-0.24,0.7
0.438,0.20635362,0,0.8,2.36,1.0779704,1,200,-0.22,0.7
0,0,0,0,0,0,2,200,-0.22,0.7
0.978,0.06289321,0.8,1,4.9,0.3333333,3,200,-0.22,0.7
0.588,0.19031075,0.39,1,3.1,0.9898475,1,200,-0.2,0.7
0.002,0.02,0,0,0.01,0.1,2,200,-0.2,0.7
0.988,0.04773665,0.8,1,4.95,0.2611165,3,200,-0.2,0.7
0.032,0.08862587,0,0.2,0.51,0.6889459,1,300,-0.4,0.7
0,0,0,0,0,0,2,300,-0.4,0.7
0.376,0.21701371,0,0.8,1.9,1.1146409,3,300,-0.4,0.7
0.038,0.09296464,0,0.2,0.53,0.6883592,1,300,-0.38,0.7
0,0,0,0,0,0,2,300,-0.38,0.7
0.514,0.2260866,0.2,0.8,2.58,1.1386684,3,300,-0.38,0.7
0.05,0.1,0,0.2,0.58,0.7272475,1,300,-0.36,0.7
0,0,0,0,0,0,2,300,-0.36,0.7
0.612,0.22530787,0.2,1,3.07,1.130433,3,300,-0.36,0.7
0.08,0.13926212,0,0.4,0.73,0.8744984,1,300,-0.34,0.7
0.004,0.02814106,0,0,0.02,0.1407053,2,300,-0.34,0.7
0.732,0.17802508,0.4,1,3.67,0.888251,3,300,-0.34,0.7
0.136,0.16546232,0,0.4,0.98,0.9425947,1,300,-0.32,0.7
0.024,0.0766996,0,0.2,0.12,0.383498,2,300,-0.32,0.7
0.832,0.16010098,0.6,1,4.17,0.7920693,3,300,-0.32,0.7
0.198,0.17637197,0,0.41,1.27,0.9624779,1,300,-0.3,0.7
0.028,0.08050347,0,0.2,0.14,0.4025173,2,300,-0.3,0.7
0.898,0.12869194,0.6,1,4.5,0.6435382,3,300,-0.3,0.7
0.302,0.19383425,0,0.6,1.77,1.0333333,1,300,-0.28,0.7
0.058,0.12158881,0,0.4,0.29,0.607944,2,300,-0.28,0.7
0.96,0.08528029,0.8,1,4.81,0.4425591,3,300,-0.28,0.7
0.42,0.18312661,0.2,0.6,2.35,0.936089,1,300,-0.26,0.7
0.128,0.18753047,0,0.6,0.64,0.9376523,2,300,-0.26,0.7
0.976,0.06531973,0.8,1,4.88,0.3265986,3,300,-0.26,0.7
0.536,0.20276871,0.2,0.8,2.9,1.058873,1,300,-0.24,0.7
0.21,0.2076808,0,0.6,1.05,1.038404,2,300,-0.24,0.7
0.994,0.03428932,1,1,4.97,0.1714466,3,300,-0.24,0.7
0.676,0.20256935,0.4,1,3.58,1.102614,1,300,-0.22,0.7
0.344,0.23282195,0,0.6,1.72,1.1641098,2,300,-0.22,0.7
0.998,0.02,1,1,4.99,0.1,3,300,-0.22,0.7
0.836,0.17838784,0.6,1,4.36,0.9589557,1,300,-0.2,0.7
0.516,0.27292653,0,0.81,2.58,1.3646326,2,300,-0.2,0.7
1,0,1,1,5,0,3,300,-0.2,0.7
0.036,0.1000202,0,0.2,0.73,0.9084897,1,400,-0.4,0.7
0.002,0.02,0,0,0.13,0.3932511,2,400,-0.4,0.7
0.456,0.22932488,0,0.8,2.31,1.1343578,3,400,-0.4,0.7
0.052,0.1193247,0,0.2,0.81,0.9918354,1,400,-0.38,0.7
0.004,0.02814106,0,0,0.13,0.3666667,2,400,-0.38,0.7
0.596,0.21268842,0.2,1,3,1.063632,3,400,-0.38,0.7
0.082,0.14240361,0,0.4,0.94,1.0807779,1,400,-0.36,0.7
0.012,0.04773665,0,0.2,0.17,0.4033947,2,400,-0.36,0.7
0.724,0.19233809,0.4,1,3.63,0.9603766,3,400,-0.36,0.7
0.104,0.15434449,0,0.4,1.04,1.1093724,1,400,-0.34,0.7
0.02,0.06666667,0,0.2,0.21,0.5182527,2,400,-0.34,0.7
0.818,0.15851584,0.6,1,4.1,0.797724,3,400,-0.34,0.7
0.166,0.1753611,0,0.4,1.35,1.1752928,1,400,-0.32,0.7
0.056,0.11038958,0,0.21,0.39,0.6497086,2,400,-0.32,0.7
0.914,0.12473811,0.6,1,4.58,0.6224747,3,400,-0.32,0.7
0.262,0.18355634,0,0.6,1.79,1.0852082,1,400,-0.3,0.7
0.118,0.15067525,0,0.4,0.7,0.8468599,2,400,-0.3,0.7
0.978,0.06289321,0.8,1,4.9,0.3015113,3,400,-0.3,0.7
0.358,0.18044838,0,0.6,2.23,1.0904081,1,400,-0.28,0.7
0.218,0.20119843,0,0.6,1.2,1.0444659,2,400,-0.28,0.7
0.998,0.02,1,1,5,0.1421338,3,400,-0.28,0.7
0.498,0.16204501,0.2,0.8,2.84,0.9289942,1,400,-0.26,0.7
0.352,0.2071841,0,0.61,1.87,1.0507813,2,400,-0.26,0.7
0.998,0.02,1,1,5,0.1421338,3,400,-0.26,0.7
0.66,0.18963016,0.4,1,3.58,1.0168281,1,400,-0.24,0.7
0.546,0.22357066,0.2,0.8,2.81,1.1520294,2,400,-0.24,0.7
0.998,0.02,1,1,5,0.1421338,3,400,-0.24,0.7
0.804,0.17974168,0.59,1,4.24,0.954733,1,400,-0.22,0.7
0.742,0.2075251,0.4,1,3.77,1.0622541,2,400,-0.22,0.7
0.998,0.02,1,1,5.01,0.1737873,3,400,-0.22,0.7
0.912,0.14583788,0.6,1,4.75,0.8211227,1,400,-0.2,0.7
0.908,0.13156402,0.6,1,4.58,0.6843119,2,400,-0.2,0.7
0.998,0.02,1,1,5.02,0.2,3,400,-0.2,0.7
0.042,0.10365054,0,0.2,0.65,0.7571211,1,500,-0.4,0.7
0.01,0.0522233,0,0,0.32,0.5295319,2,500,-0.4,0.7
0.478,0.18617902,0.2,0.8,2.41,0.9438263,3,500,-0.4,0.7
0.058,0.1147505,0,0.2,0.72,0.7795363,1,500,-0.38,0.7
0.014,0.05863773,0,0.2,0.34,0.5545041,2,500,-0.38,0.7
0.606,0.19990907,0.4,1,3.04,1.0042335,3,500,-0.38,0.7
0.082,0.13661122,0,0.4,0.81,0.8372031,1,500,-0.36,0.7
0.03,0.07719842,0,0.2,0.41,0.6046119,2,500,-0.36,0.7
0.742,0.18919286,0.4,1,3.72,0.9543097,3,500,-0.36,0.7
0.126,0.14676305,0,0.4,1,0.8287754,1,500,-0.34,0.7
0.066,0.12730303,0,0.21,0.58,0.7808309,2,500,-0.34,0.7
0.87,0.17144661,0.4,1,4.36,0.8589399,3,500,-0.34,0.7
0.178,0.16549894,0,0.4,1.22,0.9165151,1,500,-0.32,0.7
0.128,0.15181062,0,0.4,0.85,0.857233,2,500,-0.32,0.7
0.944,0.09880089,0.8,1,4.73,0.5096047,3,500,-0.32,0.7
0.296,0.19995959,0,0.6,1.73,1.0430627,1,500,-0.3,0.7
0.236,0.1806386,0,0.6,1.36,0.9376523,2,500,-0.3,0.7
0.982,0.06416519,0.8,1,4.91,0.320826,3,500,-0.3,0.7
0.418,0.17774116,0.2,0.6,2.33,0.9433981,1,500,-0.28,0.7
0.382,0.18,0,0.6,2.07,0.9455371,2,500,-0.28,0.7
0.996,0.02814106,1,1,4.98,0.1407053,3,500,-0.28,0.7
0.578,0.15280542,0.4,0.8,3.1,0.8703883,1,500,-0.26,0.7
0.546,0.19038504,0.2,0.8,2.88,1.0276972,2,500,-0.26,0.7
1,0,1,1,5,0,3,500,-0.26,0.7
0.732,0.18028037,0.4,1,3.82,1.0088497,1,500,-0.24,0.7
0.742,0.18487233,0.4,1,3.81,1.0019678,2,500,-0.24,0.7
1,0,1,1,5,0,3,500,-0.24,0.7
0.846,0.18169794,0.4,1,4.36,1.000202,1,500,-0.22,0.7
0.896,0.15170412,0.6,1,4.53,0.797154,2,500,-0.22,0.7
1,0,1,1,5,0,3,500,-0.22,0.7
0.938,0.13240587,0.6,1,4.79,0.728843,1,500,-0.2,0.7
0.972,0.08050347,0.8,1,4.91,0.4515965,2,500,-0.2,0.7
1,0,1,1,5,0,3,500,-0.2,0.7
